{
    "kwargs_lens": [
        {
            "theta_E": 1.5,
            "e1": 0.13732311129570007,
            "e2": 0.03937676548957825,
            "center_x": 0.0,
            "center_y": 0.0
        },
        {
            "gamma1": -0.009270510636270046,
            "gamma2": 0.028531692922115326,
            "ra_0": 0.0,
            "dec_0": 0.0
        }
    ],
    "kwargs_source": [
        {
            "amp": 10.0,
            "R_sersic": 0.2,
            "n_sersic": 2.0,
            "e1": 0.05,
            "e2": 0.05,
            "center_x": 0.05,
            "center_y": 0.1
        },
        {
            "amp": 1.0,
            "sigma": 0.05,
            "center_x": 0.3,
            "center_y": 0.30000000000000004
        }
    ],
    "kwargs_point_source": [
        {
            "ra": 0.05,
            "dec": 0.1,
            "amp": 2.0
        }
    ]
}